CustomerID,Name,Email,ContactNumber,AccountBalance,MonthlySalary,NumTransactions
1,User1,user1@example.com,+1234567890,2185.430534813131,2935.967122017216,26
2,User2,user2@example.com,+1234567890,4778.214378844623,2348.5016730091966,25
3,User3,user3@example.com,+1234567890,3793.972738151323,7197.056874649611,6
4,User4,user4@example.com,+1234567890,3193.9631788866645,5606.690070459253,28
5,User5,user5@example.com,+1234567890,1202.0838819909643,6248.435466776273,16
